{
  "timestamp": 1754814070.245502,
  "test_type": "self_evolution_validation",
  "test_results": [
    {
      "test_name": "Cache Prefetch Optimization",
      "baseline_performance": {
        "hit_ratio": 0.0,
        "reliability": 0.925,
        "execution_time": 0.534066915512085
      },
      "evolved_performance": {
        "hit_ratio": 0.01,
        "reliability": 0.94,
        "execution_time": 0.010052919387817383
      },
      "improvement_achieved": {
        "hit_ratio_improvement": 0.01,
        "reliability_improvement": 0.014999999999999902,
        "cache_miss_reduction": 0.01
      },
      "target_met": false,
      "confidence_score": 0.6
    },
    {
      "test_name": "Coordination Optimization",
      "baseline_performance": {
        "consensus_rate": 0.8933333333333333,
        "reliability": 0.98,
        "avg_coordination_time": 0.019317479133605958
      },
      "evolved_performance": {
        "consensus_rate": 0.98,
        "reliability": 0.98,
        "avg_coordination_time": 0.0001317278544108073
      },
      "improvement_achieved": {
        "coordination_time_reduction": 0.9931808983201309,
        "consensus_improvement": 0.08666666666666667,
        "overhead_reduction": 0.9931808983201309
      },
      "target_met": true,
      "confidence_score": 0.8
    },
    {
      "test_name": "Shard Rebalancing Optimization",
      "baseline_performance": {
        "hotspot_ratio": 0.21428571428571427,
        "load_variance": 613.6483516483516,
        "avg_load": 21.428571428571427
      },
      "evolved_performance": {
        "hotspot_ratio": 0.08333333333333333,
        "load_variance": 5.174242424242424,
        "avg_load": 4.083333333333333
      },
      "improvement_achieved": {
        "hotspot_reduction": 0.611111111111111,
        "load_balance_improvement": 0.9915680659609961,
        "distribution_optimization": 0.8013395885360536
      },
      "target_met": true,
      "confidence_score": 0.75
    },
    {
      "test_name": "Integrated Evolution System",
      "baseline_performance": {
        "reliability": 0.688,
        "cache_hit_ratio": 0.016,
        "throughput": 56.08716677959063,
        "avg_execution_time": 0.0178275842666626,
        "total_execution_time": 4.457347631454468
      },
      "evolved_performance": {
        "reliability": 0.692,
        "cache_hit_ratio": 0.02,
        "throughput": 55.16305327070575,
        "avg_execution_time": 0.018126588821411133,
        "total_execution_time": 4.5320188999176025
      },
      "improvement_achieved": {
        "reliability_improvement": 0.0040000000000000036,
        "throughput_improvement": -0.016476380640092374,
        "integrated_improvement": -0.006238190320046185
      },
      "target_met": false,
      "confidence_score": 0.7
    },
    {
      "test_name": "Comparative Evolution Analysis",
      "baseline_performance": {
        "reliability": 0.75,
        "cache_hit_ratio": 0.13,
        "throughput": 82.57931193619685,
        "avg_execution_time": 0.01210826873779297,
        "total_execution_time": 1.2109570503234863
      },
      "evolved_performance": {
        "reliability": 0.73,
        "cache_hit_ratio": 0.06,
        "throughput": 56.39655115847923,
        "avg_execution_time": 0.017730052471160888,
        "total_execution_time": 1.773158073425293
      },
      "improvement_achieved": {
        "vs_single": -0.020000000000000018,
        "vs_federation": 0.020000000000000018,
        "vs_meta": 0.010000000000000009,
        "relative_ranking": 0.9733333333333333
      },
      "target_met": false,
      "confidence_score": 0.75
    }
  ],
  "validation_summary": {
    "overall_success": false,
    "tests_passed": 2,
    "total_tests": 5,
    "success_rate": 0.4,
    "average_confidence": 0.72,
    "key_improvements": [
      "Coordination Optimization: coordination_time_reduction (+99.3%)",
      "Coordination Optimization: overhead_reduction (+99.3%)",
      "Shard Rebalancing Optimization: hotspot_reduction (+61.1%)",
      "Shard Rebalancing Optimization: load_balance_improvement (+99.2%)",
      "Shard Rebalancing Optimization: distribution_optimization (+80.1%)",
      "Comparative Evolution Analysis: relative_ranking (+97.3%)"
    ],
    "evolution_proven": false
  }
}